id_produit,nom,marque,dispo
1,selfDev bkh,alpha,f
2,giga cuc,happy,t
3,tennisHack nor,candi+,t
4,agroBon wao,alpha,t
5,jupiter fba,multiF,t
6,selfDev xsk,rity,t
7,selfDev uru,rock,t
8,giga onu,Ustrong,t
9,laitFruit rcy,rity,t
10,tennisHack jnv,Ustrong,t
11,xter kgt,rity,t
12,lait ske,fret,t
13,agroBon lhx,candi+,t
14,giga gge,Ustrong,t
15,cycliStrong stb,rog,t
16,selfDev cxr,rock,t
17,xter qvq,multiF,t
18,giga jjo,fret,t
19,dark wup,rog,t
20,dark xnt,vie&sport,t
21,jupiter xmw,forti,t
22,bonfou lue,rock,f
23,lait cpz,fret,t
24,bonfou myq,vie&sport,t
25,tennisHack yrd,bimo,t
26,giga vut,natura+,t
27,troc adp,bioham,t
28,troc yld,happy,t
29,agroNat tht,bioham,t
30,troc ngj,candi+,t
31,tennisHack rso,candi+,t
32,n&n bwr,forti,t
33,speed rnm,alpha,t
34,xter ceb,happy,f
35,selfDev ixt,bioham,t
36,n&n tqm,alpha,t
37,vitajus lyj,rog,t
38,bonfou gxm,rity,t
39,n&n pmc,candi+,t
40,agroNat cxr,bimo,t
41,jupiter twf,happy,t
42,selfDev tvz,Ustrong,f
43,giga wxn,forti,f
44,dark rks,natura+,f
45,bonfou mhr,rity,f
46,selfDev fjk,Ustrong,t
47,tennisHack ysr,multiF,t
48,giga rde,bimo,t
49,selfDev bgx,fret,t
50,troc unm,rog,t
51,xter nkb,rock,t
52,agroBon nbf,rity,t
53,chocoB fud,natura+,t
54,jupiter uqv,natura+,t
55,vitajus kmh,fret,t
56,selfDev phb,Ustrong,t
57,n&n pug,vie&sport,t
58,xter lrt,natura+,t
59,chocoB yvx,happy,t
60,tennisHack kob,forti,t
61,cycliStrong pfo,multiF,t
62,agroBon dut,bioham,t
63,tennisHack fsm,candi+,t
64,xter sqh,multiF,t
65,laitFruit fjv,bioham,t
66,chocoB fqn,rock,t
67,n&n osr,rog,t
68,selfDev dsr,multiF,t
69,dark vmn,alpha,t
70,chocoB kuj,fret,t
71,agroNat kra,fret,t
72,tennisHack bbj,happy,t
73,bonfou vso,happy,t
74,vitajus pqy,bioham,t
75,cycliStrong hjl,forti,t
76,dark lwl,vie&sport,t
77,troc rqo,vie&sport,t
78,xter esd,rog,t
79,chocoB vuw,alpha,t
80,xter wpf,bioham,t
81,giga mse,alpha,t
82,dark pla,fret,t
83,agroBon uie,rog,t
84,cycliStrong vwf,bioham,t
85,chocoB cww,fret,t
86,n&n yzt,vie&sport,t
87,lait dhd,Ustrong,t
88,troc hrz,multiF,t
89,agroNat ett,candi+,t
90,selfDev vfj,vie&sport,f
91,n&n vwa,vie&sport,t
92,vitajus urb,candi+,t
93,chocoB yxd,bioham,t
94,agroNat jug,vie&sport,t
95,xter qnf,alpha,t
96,tennisHack bwi,vie&sport,t
97,dark vkk,natura+,f
98,dark vhw,bimo,t
99,bonfou qej,forti,t
100,laitFruit wow,alpha,t
101,chocoB gdr,happy,t
102,selfDev cgw,rog,t
103,tennisHack hqk,rity,f
104,lait myi,natura+,t
105,troc hby,bioham,t
106,giga spw,natura+,t
107,n&n nsz,multiF,f
108,n&n bka,vie&sport,t
109,chocoB qnf,natura+,t
110,agroBon oks,rog,f
111,giga rdo,multiF,t
112,vitajus kuc,bioham,f
113,lait nct,bioham,t
114,tennisHack qwi,natura+,t
115,laitFruit qid,Ustrong,f
116,troc fvl,alpha,f
117,bonfou adf,vie&sport,t
118,bonfou dsa,forti,t
119,laitFruit lfg,bioham,t
120,troc czf,fret,t
121,n&n hoz,rity,t
122,agroNat qjv,candi+,t
123,bonfou vii,alpha,t
124,giga bzb,rity,t
125,agroNat oet,alpha,t
126,jupiter phx,Ustrong,t
127,lait qae,candi+,t
128,troc egz,fret,t
129,dark kzn,vie&sport,t
130,vitajus yzg,rock,f
131,cycliStrong qzj,rity,t
132,vitajus ouo,happy,t
133,giga uia,Ustrong,f
134,laitFruit brk,vie&sport,t
135,giga oiv,candi+,t
136,vitajus sfs,candi+,t
137,laitFruit nsh,multiF,t
138,selfDev tkc,happy,t
139,dark utm,forti,t
140,jupiter jyl,bimo,t
141,selfDev fsf,bimo,f
142,agroNat ner,candi+,f
143,n&n gcb,bimo,t
144,selfDev nde,rog,t
145,chocoB ihx,rog,t
146,giga xbd,candi+,t
147,xter die,happy,t
148,tennisHack qbp,natura+,t
149,troc wwz,bimo,t
150,vitajus kjt,rock,t
151,giga kyl,bimo,t
152,vitajus fbg,forti,t
153,n&n fwl,multiF,t
154,speed hrr,rock,t
155,agroBon xlv,bimo,t
156,chocoB ijs,fret,t
157,giga zhw,alpha,t
158,dark kkf,multiF,t
159,bonfou pwh,forti,t
160,agroBon zav,candi+,t
161,n&n lbn,bioham,t
162,agroNat viy,happy,t
163,tennisHack eae,rog,t
164,giga flp,alpha,t
165,speed fgf,bimo,t
166,lait izb,alpha,t
167,agroNat kqn,rity,t
168,xter fcc,multiF,t
169,n&n dia,natura+,t
170,speed eru,natura+,t
171,n&n iyk,rog,t
172,xter oqv,alpha,t
173,laitFruit wli,Ustrong,t
174,jupiter yxg,happy,f
175,dark vhb,bioham,t
176,speed duf,bimo,t
177,tennisHack tlu,Ustrong,t
178,agroNat pzh,happy,f
179,speed dci,rock,t
180,troc oce,rock,t
181,lait ukf,happy,t
182,vitajus rrd,happy,f
183,agroNat ees,rog,t
184,laitFruit ljq,Ustrong,t
185,tennisHack inc,candi+,f
186,cycliStrong tkx,Ustrong,t
187,lait kta,happy,t
188,bonfou ttx,happy,f
189,troc sox,bimo,t
190,chocoB hxv,bimo,f
191,bonfou hfc,rity,f
192,troc lff,natura+,t
193,vitajus eea,happy,t
194,lait fsd,bimo,t
195,agroNat glo,rog,t
196,troc vog,rity,t
197,speed eue,alpha,t
198,agroBon kpz,rity,t
199,cycliStrong qnm,rog,t
200,pullco kvx,womenHab,t
201,polo de tennis jll,menHab,t
202,bonnet kgh,addidas,t
203,pullco qlu,Ucamp,t
204,polo de golf tdw,Ucamp,t
205,T-shirt wxw,sportVet,t
206,bonnet dga,menHab,t
207,maillot de bain try,climbB,t
208,gilet aaj,Joy,t
209,maillot velo nwd,Gio,t
210,polo de tennis drl,Lacoste,t
211,short cargo yhw,addidas,t
212,polo de tennis wfc,womenHab,t
213,polo de tennis jre,nike,t
214,gants efu,menHab,t
215,collant jbk,kidsHab,t
216,gilet pve,Gio,t
217,chaussettes ita,womenHab,t
218,gants col,sportVet,t
219,chaussures zcr,Ucamp,t
220,maillot velo jge,Joy,t
221,short zdv,menHab,t
222,casket usv,womenHab,t
223,gilet wwq,womenHab,t
224,gants eum,sportVet,t
225,bonnet xzp,Lacoste,t
226,short cargo uck,womenHab,t
227,casket myx,menHab,t
228,collant rph,Ucamp,f
229,foulard jpl,addidas,t
230,gilet sxb,Joy,t
231,foulard ktg,Lacoste,t
232,collant cit,womenHab,t
233,polo de golf fik,nike,t
234,running jqp,Joy,t
235,chaussettes qad,womenHab,t
236,survetement woa,nike,t
237,short fitnes jmp,Ucamp,t
238,chaussettes zqd,Ucamp,t
239,short cargo fjo,kidsHab,t
240,polo de tennis hdi,Ucamp,t
241,polo de golf dpn,climbB,t
242,chaussures nse,Lacoste,t
243,short cargo zzj,kidsHab,t
244,gants cqs,Lacoste,t
245,g-vest uxv,swim+,t
246,short dco,menHab,f
247,jogging foy,kidsHab,t
248,maillot velo qru,Lacoste,t
249,short fjn,Joy,t
250,survetement jio,addidas,t
251,maillot de bain uke,nike,t
252,collant zsw,nike,t
253,chaussettes spm,menHab,t
254,collant qdb,Gio,t
255,polo de tennis thg,kidsHab,t
256,pullco cyh,addidas,t
257,chaussures de marche ong,womenHab,f
258,maillot de bain rkm,nike,f
259,T-shirt wym,Lacoste,t
260,short fitnes ezx,womenHab,t
261,running cem,Lacoste,t
262,survetement ycc,nike,t
263,casket bzn,Joy,t
264,gants fmr,menHab,t
265,g-vest ucj,kidsHab,t
266,maillot de bain joa,kidsHab,f
267,jogging kkm,swim+,f
268,foulard qmh,menHab,t
269,running qjt,kidsHab,t
270,polo de tennis tgh,menHab,t
271,bonnet vde,climbB,t
272,maillot de bain yjw,addidas,t
273,short cargo icj,Gio,t
274,polo de golf gwa,Joy,t
275,maillot velo iby,womenHab,t
276,collant dpt,kidsHab,t
277,survetement gho,womenHab,t
278,casket ywq,sportVet,t
279,gants kfz,sportVet,t
280,polo de tennis lry,Joy,t
281,foulard ysq,Ucamp,t
282,gilet lpr,Joy,t
283,running oia,Gio,t
284,gilet mdc,kidsHab,t
285,bonnet zmu,Joy,f
286,gants zar,Lacoste,t
287,survetement zlp,menHab,t
288,maillot de bain pbi,Lacoste,f
289,gants emf,Joy,t
290,running ope,Ucamp,t
291,short xov,kidsHab,t
292,chaussures woe,womenHab,t
293,short fitnes cug,swim+,f
294,jogging lfy,swim+,t
295,maillot velo psz,addidas,t
296,chaussures de marche akt,Ucamp,f
297,short fitnes qgh,addidas,t
298,gilet jha,Joy,f
299,chaussettes tom,womenHab,t
300,short mkd,Ucamp,t
301,foulard kbf,addidas,t
302,gants ziu,womenHab,t
303,collant epn,swim+,t
304,pullco pch,menHab,t
305,chaussettes vfa,womenHab,t
306,casket tuu,Gio,t
307,chaussettes mic,menHab,f
308,Leggin nzu,nike,t
309,collant xft,swim+,t
310,g-vest seb,Lacoste,t
311,bonnet yoy,Ucamp,t
312,g-vest dxk,climbB,t
313,polo de tennis are,Ucamp,t
314,maillot velo wfk,Ucamp,t
315,g-vest izp,kidsHab,t
316,Leggin alh,kidsHab,t
317,foulard tno,addidas,t
318,T-shirt vdu,swim+,t
319,short cargo ntz,nike,t
320,short cargo kdf,menHab,t
321,gants njz,Gio,t
322,chaussures tso,Ucamp,t
323,chaussettes aok,nike,t
324,polo de golf vgf,Ucamp,t
325,short fitnes cvz,womenHab,t
326,chaussettes rtl,addidas,t
327,polo de golf cky,climbB,t
328,chaussures fbl,Lacoste,t
329,casket cvv,climbB,t
330,short fitnes hax,addidas,t
331,casket kim,menHab,t
332,maillot de bain fkt,Lacoste,t
333,collant mfw,Lacoste,t
334,survetement car,kidsHab,t
335,bonnet rya,addidas,t
336,short cargo icf,Joy,t
337,bonnet bbh,Ucamp,t
338,T-shirt xvj,Joy,t
339,polo de tennis bsn,Gio,t
340,g-vest ved,nike,t
341,T-shirt wec,addidas,t
342,chaussures shy,Lacoste,t
343,survetement isx,kidsHab,t
344,foulard tuv,womenHab,t
345,pullco ope,Ucamp,f
346,T-shirt yja,womenHab,t
347,jogging vdz,nike,t
348,chaussures de marche peq,addidas,t
349,gilet atr,menHab,t
350,chaussures de marche ern,Lacoste,t
351,gants inw,addidas,t
352,short ryv,Gio,t
353,polo de tennis wcb,nike,t
354,chaussures coi,addidas,t
355,survetement rtn,kidsHab,t
356,running tsc,nike,t
357,chaussures gxa,Joy,t
358,chaussures ccp,sportVet,t
359,chaussures de marche nbm,swim+,f
360,short vyw,Gio,t
361,gants hrl,addidas,t
362,polo de golf fvu,Joy,t
363,Leggin xyb,womenHab,t
364,maillot de bain rbx,womenHab,t
365,chaussures de marche veg,swim+,t
366,collant jqb,kidsHab,t
367,g-vest fay,Joy,t
368,chaussures de marche fep,menHab,t
369,short cargo xjj,Lacoste,t
370,chaussures ofk,Lacoste,t
371,g-vest kdf,womenHab,t
372,Leggin mxi,menHab,t
373,casket hbt,womenHab,t
374,short fbt,Lacoste,t
375,Leggin mze,Ucamp,t
376,maillot velo oxx,swim+,t
377,chaussures olz,womenHab,t
378,polo de tennis mef,climbB,t
379,polo de golf ktw,womenHab,f
380,foulard loz,Joy,t
381,maillot de bain gsn,Joy,f
382,bonnet frh,menHab,t
383,short apb,Lacoste,t
384,g-vest rjs,Gio,t
385,polo de golf jks,sportVet,t
386,polo de golf dmb,sportVet,t
387,T-shirt aco,addidas,t
388,chaussures de marche rsp,Gio,t
389,casket fkf,menHab,t
390,foulard dbp,menHab,t
391,polo de golf con,kidsHab,t
392,maillot de bain tam,climbB,t
393,chaussures qco,womenHab,t
394,survetement ngj,Joy,t
395,maillot de bain qys,menHab,t
396,maillot de bain kva,climbB,t
397,short rsw,swim+,t
398,chaussures de marche hrz,Joy,t
399,chaussures de marche cxw,womenHab,t
400,chaussettes kve,swim+,t
401,T-shirt ouj,sportVet,t
402,polo de golf ctg,Lacoste,t
403,gilet fui,sportVet,f
404,jogging fcv,Joy,t
405,jogging oai,Joy,f
406,survetement fuf,addidas,t
407,pullco bqw,womenHab,t
408,jogging wvm,Lacoste,t
409,jogging ouf,Lacoste,t
410,pullco sdl,nike,t
411,short cargo mpx,Lacoste,t
412,gilet fas,Ucamp,f
413,chaussures de marche orj,addidas,t
414,foulard sdl,addidas,t
415,T-shirt rdm,swim+,t
416,running tgm,womenHab,t
417,maillot velo xwf,Joy,t
418,survetement yuc,Gio,t
419,bonnet kab,kidsHab,t
420,maillot velo wwq,kidsHab,t
421,foulard ioq,menHab,t
422,g-vest qqd,kidsHab,t
423,chaussures de marche uoe,Lacoste,f
424,foulard gxu,climbB,t
425,foulard jvf,Lacoste,t
426,gants eos,addidas,t
427,T-shirt wxa,Ucamp,t
428,chaussures de marche lyq,Ucamp,t
429,Leggin pdt,Joy,f
430,gants opz,climbB,t
431,pullco jpe,womenHab,t
432,maillot velo yhk,kidsHab,f
433,short cargo gbg,Gio,t
434,polo de golf cnq,Joy,t
435,bonnet hne,sportVet,t
436,maillot velo sti,nike,f
437,gants jsi,kidsHab,t
438,polo de golf ovy,kidsHab,t
439,bonnet vnt,womenHab,t
440,short cargo bla,nike,t
441,short fitnes mua,sportVet,f
442,casket loo,Joy,t
443,short ocz,womenHab,t
444,short fitnes ufa,womenHab,t
445,foulard nyw,kidsHab,t
446,short cargo etg,climbB,t
447,maillot de bain pue,sportVet,t
448,chaussettes izx,Joy,t
449,polo de golf vox,nike,t
450,short fitnes xpg,menHab,t
451,short fitnes ero,sportVet,t
452,chaussures de marche xud,Ucamp,t
453,polo de golf xuh,sportVet,t
454,bonnet qhd,nike,t
455,bonnet owj,climbB,f
456,gilet eaq,menHab,t
457,T-shirt dvf,sportVet,t
458,polo de tennis rtl,Lacoste,t
459,pullco xjl,climbB,t
460,gants kbj,womenHab,t
461,chaussettes fub,addidas,t
462,chaussures de marche nac,swim+,t
463,foulard qvs,menHab,t
464,maillot de bain mra,kidsHab,t
465,maillot velo rpi,Ucamp,t
466,T-shirt gao,menHab,t
467,short cargo lbf,nike,t
468,foulard ftn,climbB,t
469,collant yto,sportVet,t
470,survetement fhp,Lacoste,t
471,short xev,climbB,t
472,gants ijf,Lacoste,t
473,gants rdk,addidas,t
474,bonnet dxc,sportVet,t
475,T-shirt ltg,Gio,t
476,chaussures wmi,kidsHab,t
477,maillot velo qyf,kidsHab,t
478,collant lqg,kidsHab,t
479,maillot de bain pya,Gio,t
480,bonnet mrz,climbB,t
481,bonnet qny,sportVet,t
482,maillot velo kje,menHab,t
483,running pyc,kidsHab,t
484,gilet rkg,Lacoste,t
485,polo de tennis iax,climbB,t
486,polo de tennis xgr,womenHab,t
487,chaussettes ovh,menHab,t
488,Leggin kgc,Joy,t
489,polo de golf uih,climbB,t
490,polo de tennis hch,sportVet,t
491,pullco hms,Gio,t
492,short arz,Gio,t
493,bonnet ffg,swim+,f
494,short jei,sportVet,t
495,maillot velo mgx,nike,t
496,chaussures xhq,Joy,t
497,chaussures de marche iyx,swim+,f
498,short cargo cfl,addidas,t
499,pullco emv,Joy,t
500,short ffl,swim+,t
501,pullco yzv,Joy,t
502,polo de golf qki,Joy,t
503,pullco brb,climbB,t
504,polo de tennis rlb,sportVet,t
505,g-vest yql,womenHab,t
506,foulard pjx,nike,f
507,maillot de bain ypa,Gio,t
508,T-shirt urg,climbB,t
509,collant liy,sportVet,t
510,collant zro,Lacoste,t
511,polo de golf qlc,kidsHab,t
512,polo de tennis bnn,climbB,f
513,foulard jfu,nike,t
514,running rkx,addidas,t
515,running bln,Lacoste,t
516,short fitnes jfz,nike,t
517,jogging bur,womenHab,t
518,short fitnes dmw,Ucamp,t
519,bonnet dzl,swim+,t
520,running yju,nike,t
521,T-shirt uls,menHab,t
522,maillot velo vku,swim+,t
523,g-vest bfz,climbB,f
524,Leggin szo,menHab,t
525,polo de golf zty,Joy,t
526,running ivc,climbB,t
527,collant eyf,addidas,t
528,chaussures de marche edu,sportVet,t
529,chaussures waf,addidas,t
530,jogging spm,menHab,t
531,foulard gib,addidas,t
532,survetement zdm,kidsHab,t
533,short fitnes cfr,Gio,t
534,gants twa,sportVet,t
535,maillot de bain kvg,nike,t
536,polo de tennis wqe,Lacoste,f
537,foulard buv,nike,f
538,bonnet gpx,Lacoste,f
539,chaussures mqs,addidas,t
540,short cargo clu,menHab,t
541,Leggin oar,sportVet,t
542,Leggin tjp,addidas,f
543,running cwc,swim+,t
544,maillot de bain jye,menHab,t
545,T-shirt hdc,swim+,t
546,maillot velo rkv,climbB,t
547,chaussures de marche foz,sportVet,t
548,chaussettes jzv,swim+,t
549,bonnet ssf,addidas,t
550,short jlq,menHab,t
551,short fitnes apv,Ucamp,t
552,gilet cpl,Gio,f
553,collant bey,Lacoste,f
554,Leggin odb,Joy,t
555,pullco opm,swim+,t
556,gants rmr,Lacoste,t
557,polo de golf ryz,Gio,f
558,short cargo low,Lacoste,t
559,short cargo qyb,climbB,t
560,polo de tennis hpb,addidas,f
561,running swm,sportVet,t
562,chaussettes xeq,Joy,t
563,T-shirt nnk,nike,t
564,chaussures de marche vlx,sportVet,f
565,Leggin qsz,addidas,t
566,T-shirt pku,climbB,f
567,survetement qrk,climbB,f
568,polo de golf yei,nike,t
569,chaussures de marche jip,climbB,t
570,casket wfs,nike,t
571,pullco elu,Ucamp,t
572,T-shirt sgb,Gio,t
573,short fitnes ehn,sportVet,t
574,short cargo tzb,Lacoste,t
575,collant jte,womenHab,t
576,maillot velo qnk,addidas,t
577,chaussettes joo,Lacoste,t
578,Leggin hlo,climbB,t
579,T-shirt muj,nike,t
580,chaussures de marche ugb,Gio,t
581,gilet vzl,sportVet,t
582,short fitnes osh,Joy,f
583,chaussures de marche jwk,menHab,t
584,short fitnes dzm,nike,t
585,polo de golf fzh,nike,t
586,maillot velo rbw,menHab,t
587,gilet uug,menHab,t
588,chaussures omt,swim+,f
589,survetement kno,nike,t
590,running fbw,menHab,t
591,polo de tennis amg,womenHab,t
592,g-vest smb,addidas,t
593,casket kca,Ucamp,t
594,polo de tennis fbg,menHab,t
595,maillot de bain tlt,climbB,t
596,Leggin dlb,Joy,t
597,g-vest fuu,climbB,t
598,casket ogl,Lacoste,t
599,collant bit,climbB,t
600,polo de golf ysg,addidas,t
601,collant nmr,Gio,t
602,gilet gvq,addidas,f
603,Leggin ynv,womenHab,t
604,pullco fwx,swim+,t
605,jogging xyj,sportVet,t
606,gilet upr,Lacoste,t
607,gants blk,kidsHab,t
608,foulard eyp,climbB,t
609,gants fqh,womenHab,t
610,bonnet mlj,Ucamp,t
611,casket bfg,addidas,t
612,gants amq,sportVet,t
613,gilet iao,Joy,t
614,T-shirt rzy,swim+,t
615,gilet gvn,Gio,t
616,g-vest eky,climbB,t
617,survetement rpx,Joy,t
618,casket xiz,Ucamp,t
619,short tst,swim+,t
620,gilet zyh,Joy,t
621,T-shirt kgn,Lacoste,t
622,polo de golf lwg,Joy,t
623,jogging pfz,Gio,t
624,short fitnes gnf,Gio,t
625,polo de tennis fkx,climbB,t
626,maillot de bain nss,Gio,t
627,collant cvt,menHab,t
628,jogging fld,Lacoste,t
629,jogging ewq,climbB,t
630,collant aig,kidsHab,t
631,short jri,swim+,t
632,chaussures de marche bxw,menHab,t
633,foulard hki,sportVet,f
634,chaussures gbp,Joy,t
635,jogging acj,kidsHab,t
636,g-vest cqc,Gio,t
637,bonnet fof,Gio,t
638,foulard jzw,kidsHab,t
639,short fitnes zsc,nike,t
640,foulard tpn,swim+,t
641,foulard tmj,nike,t
642,gilet brc,kidsHab,t
643,foulard olm,Lacoste,t
644,chaussures nnj,sportVet,f
645,polo de golf mcc,kidsHab,t
646,T-shirt fiu,swim+,t
647,foulard cct,Joy,t
648,Leggin xfu,swim+,t
649,short cargo ped,addidas,t
650,short cargo rjj,sportVet,t
651,survetement ukj,sportVet,f
652,short fitnes flk,Ucamp,f
653,survetement wnr,nike,f
654,gilet ciu,Joy,t
655,g-vest aix,sportVet,t
656,T-shirt oxt,climbB,f
657,foulard cvu,nike,t
658,chaussettes bpb,climbB,t
659,chaussettes qbw,climbB,t
660,chaussures de marche ydl,nike,t
661,maillot velo uhg,womenHab,t
662,chaussures de marche kix,Lacoste,t
663,foulard tcd,nike,t
664,pullco abv,kidsHab,t
665,chaussures de marche htz,nike,t
666,jogging bpc,swim+,t
667,gants qoi,swim+,t
668,foulard khf,addidas,t
669,short fitnes zlr,menHab,t
670,short cargo nys,Ucamp,t
671,Leggin nrt,Joy,t
672,Leggin ocp,climbB,t
673,short nes,kidsHab,t
674,maillot velo hca,addidas,t
675,chaussures xbv,womenHab,f
676,running ali,climbB,t
677,jogging hnv,menHab,t
678,Leggin efa,nike,t
679,pullco qtw,Gio,t
680,T-shirt kmc,swim+,t
681,maillot velo gbx,nike,t
682,Leggin pqt,womenHab,f
683,maillot velo sps,Ucamp,t
684,collant kzv,kidsHab,t
685,chaussettes rks,climbB,f
686,gants cfx,kidsHab,t
687,maillot velo vvl,Lacoste,t
688,chaussures de marche agh,Gio,t
689,short fitnes dfv,kidsHab,t
690,short bff,sportVet,t
691,casket eov,Gio,f
692,chaussettes ejj,sportVet,t
693,foulard mgg,womenHab,t
694,gilet cyo,Ucamp,f
695,maillot velo mxe,addidas,t
696,survetement bkd,climbB,t
697,gilet vad,Joy,t
698,bonnet add,sportVet,t
699,chaussures de marche yuy,sportVet,t
700,polo de golf ilb,kidsHab,t
701,gants gms,nike,t
702,short fitnes jaw,menHab,t
703,maillot de bain vff,kidsHab,t
704,gants idb,Ucamp,t
705,chaussettes xnp,Gio,t
706,chaussures de marche rbo,climbB,t
707,maillot velo zuk,womenHab,t
708,pullco nnz,addidas,t
709,chaussures de marche mne,climbB,t
710,maillot de bain lgl,nike,t
711,chaussures ujf,swim+,t
712,T-shirt yrn,Ucamp,t
713,chaussettes ibv,swim+,t
714,short fitnes vva,kidsHab,t
715,survetement eqg,menHab,t
716,polo de tennis kin,nike,t
717,T-shirt etj,climbB,t
718,pullco mah,kidsHab,f
719,g-vest ykw,Ucamp,t
720,gilet qvo,climbB,t
721,polo de tennis olh,addidas,t
722,foulard tff,kidsHab,f
723,running hnd,Gio,t
724,chaussures wxt,menHab,t
725,polo de tennis aoi,nike,t
726,chaussures rhl,addidas,f
727,chaussures de marche tdh,nike,t
728,foulard utk,sportVet,t
729,pullco hmq,nike,t
730,bonnet mbm,Joy,t
731,survetement ewi,womenHab,t
732,collant mou,sportVet,t
733,running dea,nike,t
734,maillot velo kea,Lacoste,t
735,chaussures yud,menHab,t
736,T-shirt llf,Gio,f
737,T-shirt gax,climbB,t
738,chaussures de marche xhi,swim+,t
739,gants hol,swim+,t
740,maillot de bain wry,climbB,t
741,g-vest bxm,nike,t
742,T-shirt nbm,Joy,f
743,T-shirt nxm,womenHab,t
744,chaussures de marche zla,menHab,t
745,casket inq,Ucamp,t
746,pullco ixe,Joy,t
747,survetement vkg,Lacoste,t
748,survetement hlr,nike,t
749,jogging wrc,womenHab,t
750,jogging irx,nike,t
751,chaussures de marche gty,Joy,t
752,polo de tennis pvl,addidas,f
753,chaussures de marche sjo,Joy,t
754,bonnet xcu,nike,t
755,chaussures cvs,Lacoste,t
756,maillot velo mez,menHab,f
757,T-shirt wzy,Ucamp,f
758,gants jlc,kidsHab,t
759,short isi,Ucamp,t
760,Leggin bda,Lacoste,t
761,collant atu,Ucamp,t
762,collant ifs,Gio,t
763,gants jyn,Joy,t
764,polo de tennis kpz,menHab,t
765,bonnet tdu,sportVet,t
766,chaussures de marche his,addidas,t
767,jogging rfw,Gio,t
768,Leggin gfd,womenHab,t
769,survetement oyn,Lacoste,t
770,jogging dtf,sportVet,t
771,chaussures flu,climbB,t
772,gilet xqj,Lacoste,t
773,running ayk,nike,t
774,chaussettes uep,nike,t
775,jogging ifp,kidsHab,t
776,chaussettes fkg,Gio,t
777,polo de tennis qgq,climbB,t
778,collant hxn,climbB,t
779,maillot velo rjp,kidsHab,t
780,gilet ofk,nike,t
781,chaussures de marche qme,sportVet,t
782,casket chw,sportVet,t
783,chaussettes siz,climbB,t
784,collant gxw,nike,t
785,T-shirt arr,Joy,t
786,short cargo khm,nike,t
787,running rwc,addidas,t
788,casket szd,addidas,t
789,polo de golf pdy,menHab,t
790,collant mof,Joy,f
791,gants jsf,menHab,t
792,short fitnes cig,Gio,t
793,chaussettes ldf,nike,t
794,g-vest inj,Gio,f
795,chaussures de marche muo,swim+,f
796,running itx,sportVet,t
797,maillot velo aqf,Ucamp,t
798,maillot velo zdt,womenHab,t
799,foulard hsc,climbB,f
800,chaussures yzo,Ucamp,t
801,gants dco,Ucamp,f
802,T-shirt ysk,womenHab,f
803,short kcy,Ucamp,t
804,T-shirt cnr,menHab,t
805,foulard rfi,menHab,t
806,maillot de bain hmd,Gio,t
807,polo de tennis cwn,Ucamp,t
808,chaussures vkw,kidsHab,t
809,short bcf,kidsHab,t
810,survetement epr,Ucamp,t
811,maillot de bain jdu,Ucamp,f
812,foulard ssh,menHab,t
813,survetement ige,climbB,t
814,casket hxu,climbB,t
815,running oyg,swim+,t
816,polo de tennis erl,addidas,t
817,foulard ftg,Lacoste,t
818,short cargo yyl,menHab,t
819,running wku,menHab,t
820,short fitnes qkn,menHab,t
821,gants zwg,kidsHab,t
822,pullco nlc,Joy,t
823,chaussettes rkp,swim+,t
824,chaussettes thw,Lacoste,t
825,jogging fnp,nike,t
826,short fitnes abv,sportVet,t
827,collant knf,Gio,t
828,g-vest tco,climbB,f
829,short xxo,Ucamp,t
830,short fitnes yua,Gio,t
831,polo de golf yqk,kidsHab,t
832,short fitnes hbe,womenHab,t
833,short cargo lpj,kidsHab,t
834,short cargo puq,Ucamp,t
835,maillot de bain rzs,sportVet,t
836,chaussettes vnn,Gio,t
837,maillot velo qcz,climbB,t
838,gilet nmi,swim+,t
839,foulard bdf,womenHab,t
840,survetement mry,womenHab,t
841,chaussures de marche hti,Ucamp,t
842,maillot de bain ivo,swim+,t
843,maillot velo dcr,swim+,t
844,chaussures de marche fco,Lacoste,t
845,survetement gha,sportVet,t
846,maillot de bain mup,addidas,t
847,short fitnes epv,sportVet,t
848,chaussures yeg,menHab,t
849,short cargo jun,Lacoste,t
850,T-shirt xcu,Joy,f
851,short pyz,menHab,t
852,maillot velo tsy,nike,f
853,short fitnes lez,Joy,t
854,T-shirt wld,sportVet,t
855,T-shirt bar,sportVet,t
856,chaussures mci,climbB,t
857,jogging olh,Lacoste,t
858,chaussettes cvr,addidas,t
859,polo de golf uns,menHab,t
860,short duk,sportVet,t
861,g-vest odh,kidsHab,t
862,polo de tennis ckl,Joy,t
863,gants xsv,Lacoste,t
864,gilet ekb,kidsHab,t
865,maillot velo ccf,menHab,t
866,collant mow,Joy,t
867,Leggin fwh,Joy,t
868,casket hla,Ucamp,t
869,collant owy,kidsHab,t
870,short cargo qem,addidas,t
871,gilet wap,womenHab,t
872,chaussures bgz,sportVet,t
873,Leggin dvv,climbB,t
874,g-vest uxz,Lacoste,t
875,polo de golf kij,sportVet,t
876,running ttx,Ucamp,f
877,chaussures de marche xtv,womenHab,t
878,T-shirt hlk,Lacoste,t
879,jogging wdw,climbB,t
880,running xob,swim+,f
881,chaussures de marche exn,kidsHab,t
882,collant ghq,Lacoste,t
883,short fitnes mkh,climbB,t
884,foulard wzc,menHab,t
885,pullco rfd,Joy,t
886,polo de tennis gar,Lacoste,t
887,polo de golf xwy,climbB,t
888,polo de tennis gjp,Joy,t
889,pullco izq,womenHab,t
890,casket crs,nike,t
891,chaussures fyj,swim+,t
892,T-shirt snw,kidsHab,t
893,polo de tennis rqe,kidsHab,t
894,casket xkl,swim+,t
895,T-shirt lrz,menHab,t
896,polo de tennis dfa,nike,t
897,casket lvj,menHab,t
898,polo de golf rjz,Lacoste,f
899,short cargo xyy,kidsHab,t
900,st800 lsg,proton,t
901,riverside 120 mfh,canodal,t
902,driven 150 xup,veloall,t
903,driven 150 ocy,cylc,t
904,SB 6.7 qyk,veloall,t
905,driven 150 ymo,roadki,t
906,SB 8.3 lwo,proton,t
907,riverside 900  wlv,proton,t
908,driven 150 njs,proton,t
909,SB 6.9 idu,roadki,t
910,SB 6.9 npk,roadki,t
911,rockraider 500 lnp,cylc,t
912,rockraider 500 sqj,proton,t
913,riverside 120 wfo,proton,t
914,SB 6.7 zvx,cylc,t
915,SB 6.9 thb,canodal,t
916,driven 600 xtb,canodal,t
917,SB 6.9 cqr,canodal,t
918,SB 6.7 ouy,veloall,t
919,st800 qsk,cylc,t
920,riverside 900  qvd,cylc,t
921,BMX odw,veloall,t
922,BMX vqr,proton,t
923,driven 100 uca,cylc,t
924,riverside 900  xud,canodal,t
925,riverside 900  aed,canodal,t
926,SB 6.9 pou,roadki,t
927,driven 600 sdw,veloall,t
928,riverside 500 bsv,canodal,t
929,driven 100 bod,veloall,t
930,st800 ire,veloall,t
931,riverside 900  pfp,canodal,t
932,driven 100 jpd,roadki,t
933,riverside 900  cea,proton,t
934,riverside 900  pyn,roadki,t
935,driven 150 idf,roadki,t
936,driven 150 xwd,cylc,t
937,riverside 500 thp,cylc,t
938,SB 6.9 knf,cylc,t
939,SB 6.9 hho,canodal,t
940,driven 600 ctt,proton,t
941,riverside 120 odd,roadki,t
942,rockraider 500 vvt,proton,t
943,riverside 120 bnf,canodal,f
944,riverside 900  plb,roadki,f
945,driven 600 yfc,cylc,t
946,SB 6.2 oum,cylc,t
947,st800 jkj,cylc,t
948,driven 600 kpc,cylc,t
949,driven 100 yln,canodal,t
950,driven 100 qaq,veloall,t
951,riverside 900  yfz,veloall,t
952,riverside 900  jtf,canodal,t
953,driven 150 dbm,veloall,t
954,driven 600 gvb,cylc,t
955,driven 150 sws,canodal,t
956,BMX udt,cylc,t
957,driven 600 vtm,veloall,f
958,st800 xlg,proton,t
959,driven 600 wet,proton,t
960,rockraider 500 ped,canodal,t
961,SB 6.2 zox,proton,t
962,driven 600 qzo,cylc,t
963,BMX qbm,cylc,t
964,SB 8.3 nci,veloall,t
965,BMX ktc,canodal,t
966,BMX mwz,canodal,t
967,driven 100 aqr,proton,t
968,rockraider 500 gjx,proton,t
969,SB 6.2 lkd,canodal,t
970,SB 8.3 cdz,veloall,t
971,st800 vkj,roadki,t
972,driven 600 qtu,cylc,t
973,st800 qoc,cylc,t
974,riverside 900  chy,cylc,t
975,st800 jyu,cylc,t
976,riverside 500 aiu,canodal,t
977,st800 upp,roadki,t
978,riverside 500 dnn,canodal,t
979,driven 100 tun,roadki,t
980,SB 8.3 jxx,roadki,t
981,st800 ypv,proton,t
982,driven 150 tqv,proton,t
983,BMX atq,cylc,t
984,SB 6.9 byf,proton,t
985,SB 6.2 wrt,proton,t
986,rockraider 500 ocb,roadki,t
987,driven 600 tog,canodal,t
988,rockraider 500 qfm,veloall,t
989,SB 6.2 ylx,cylc,t
990,driven 150 lte,roadki,t
991,SB 6.7 qly,proton,t
992,riverside 500 lxr,roadki,t
993,SB 6.2 esi,veloall,t
994,SB 8.3 agt,cylc,t
995,SB 6.9 duq,proton,t
996,driven 150 sda,canodal,t
997,SB 6.9 qcx,canodal,f
998,rockraider 500 xxt,proton,t
999,driven 150 ffo,cylc,t
1000,st800 uhh,roadki,t
1001,SB 8.3 mwc,proton,t
1002,driven 150 bvn,canodal,t
1003,st800 vgl,canodal,t
1004,SB 8.3 pqk,canodal,t
1005,riverside 120 fvs,veloall,t
1006,riverside 120 bgh,roadki,t
1007,rockraider 500 mue,cylc,t
1008,st800 otu,canodal,f
1009,driven 100 mfj,cylc,t
1010,SB 8.3 rra,canodal,t
1011,driven 150 wco,roadki,t
1012,rockraider 500 nyn,proton,t
1013,SB 8.3 clc,roadki,f
1014,SB 6.7 xes,roadki,t
1015,riverside 500 hhw,roadki,t
1016,SB 6.2 rba,canodal,t
1017,BMX baa,cylc,t
1018,driven 100 lqt,roadki,t
1019,driven 100 hlc,cylc,t
1020,SB 8.3 msw,roadki,t
1021,driven 150 pbu,roadki,t
1022,st800 fiw,canodal,t
1023,driven 100 bov,canodal,f
1024,SB 6.2 pbv,canodal,t
1025,rockraider 500 emy,canodal,t
1026,SB 8.3 yem,proton,t
1027,SB 8.3 har,canodal,t
1028,driven 100 gqz,roadki,t
1029,BMX ozg,proton,t
1030,SB 6.9 npl,roadki,t
1031,riverside 500 orq,roadki,t
1032,riverside 120 jtj,proton,t
1033,SB 8.3 wnf,roadki,t
1034,SB 6.9 tdj,canodal,t
1035,SB 6.7 xhk,cylc,t
1036,SB 6.2 mib,veloall,t
1037,riverside 500 kne,veloall,t
1038,SB 6.7 eqc,canodal,t
1039,driven 600 yyq,canodal,t
1040,driven 600 ryr,canodal,t
1041,driven 100 jxp,roadki,t
1042,riverside 900  xxr,proton,t
1043,st800 nct,veloall,t
1044,rockraider 500 yut,veloall,f
1045,BMX uih,canodal,t
1046,riverside 500 jdi,veloall,t
1047,riverside 120 dqi,canodal,t
1048,SB 8.3 pya,cylc,f
1049,driven 600 lzz,canodal,t
1050,st800 dvb,proton,t
1051,SB 8.3 ajm,cylc,t
1052,SB 6.2 hny,cylc,t
1053,riverside 120 ked,cylc,t
1054,BMX jyz,veloall,t
1055,BMX szp,proton,t
1056,driven 600 srz,veloall,t
1057,riverside 900  qjm,proton,t
1058,riverside 900  crk,cylc,t
1059,driven 150 gqh,canodal,t
1060,driven 150 owu,roadki,t
1061,driven 100 ksx,canodal,t
1062,rockraider 500 mie,canodal,t
1063,rockraider 500 afd,roadki,t
1064,riverside 120 hiv,proton,t
1065,riverside 500 xkk,veloall,t
1066,riverside 500 zla,veloall,t
1067,SB 8.3 vid,veloall,t
1068,driven 600 hxc,canodal,t
1069,st800 evi,cylc,t
1070,driven 150 rax,proton,t
1071,SB 8.3 pxc,proton,t
1072,riverside 500 jfj,canodal,t
1073,riverside 900  cgz,roadki,t
1074,SB 6.2 rwv,roadki,t
1075,driven 100 qac,roadki,t
1076,SB 6.9 snz,proton,t
1077,SB 6.2 kjl,proton,t
1078,SB 6.2 cfu,veloall,t
1079,riverside 900  ryg,veloall,f
1080,BMX iel,roadki,t
1081,driven 600 gwf,veloall,t
1082,riverside 500 dlr,veloall,t
1083,rockraider 500 hgb,cylc,t
1084,riverside 500 npn,canodal,t
1085,st800 bwd,proton,t
1086,SB 6.9 bfj,veloall,t
1087,SB 6.9 txr,canodal,t
1088,SB 8.3 unm,cylc,t
1089,SB 6.2 hqi,canodal,t
1090,riverside 120 fwb,cylc,t
1091,SB 6.9 ebx,veloall,t
1092,SB 6.9 uku,veloall,t
1093,st800 pox,proton,t
1094,driven 100 nht,proton,t
1095,SB 8.3 pwu,cylc,t
1096,riverside 120 pmk,proton,t
1097,driven 100 hmz,veloall,t
1098,SB 8.3 bef,veloall,f
1099,SB 6.2 eed,veloall,t
1100,chaussures velo dpq,boxing,t
1101,Genouilleres vtt kfi,sporty,t
1102,Balles de tennis djo,boxing,t
1103,MASQUE DE SKI bns,sportVet,f
1104,SACOCHE GUIDON VELO  tpp,sportVet,t
1105,resines de handball ndm,sporty,t
1106,SKI DE PISTE qkz,veloall,t
1107,trottinette XBS eto,veloall,t
1108,masque pour la piscine evd,veloall,t
1109,casque ict,veloall,t
1110,Balles de tennis vzd,Ucamp,t
1111,Balle de footbal gof,veloall,t
1112,Gants de baseball guk,veloall,t
1113,Gants de baseball jjg,nike,t
1114,Balle de baseball dbf,swim+,t
1115,PINCE NEZ DE NATATION fla,swim+,t
1116,SKI DE PISTE jvl,climbB,t
1117,Gants de baseball xsn,Ucamp,t
1118,chaussures velo ccq,addidas,t
1119,SKI DE PISTE pdw,Ucamp,t
1120,CANNE PECHE  svr,addidas,t
1121,lunettes de natation yzo,swim+,t
1122,CASQUE DE SKI  lxc,Joy,t
1123,POMPE MANOMETRE dwk,boxing,t
1124,piscines gonflables oyg,veloall,t
1125,CANNE PECHE  nvm,sportVet,t
1126,BATONS DE SKI  tzd,boxing,t
1127,trottinette XBS xpz,addidas,t
1128,Ballons de handball fxs,nike,t
1129,Balle de footbal vkp,Joy,t
1130,Gants de baseball pgz,veloall,t
1131,Casques de trottinette ppn,boxing,t
1132,Gants de baseball fta,UnderArmor,t
1133,POMPE MANOMETRE twm,swim+,t
1134,chronometre vwj,boxing,t
1135,SAC DE FRAPPE  eqo,sporty,t
1136,gants box sox,Ucamp,t
1137,BATONS DE SKI  kag,Ucamp,t
1138,CANNE PECHE  cwc,Joy,t
1139,SACOCHE GUIDON VELO  yng,boxing,t
1140,lunettes de natation igx,boxing,t
1141,BATONS DE SKI  acd,Ucamp,t
1142,Genouilleres vtt qzb,tennisopia,t
1143,chaussures velo crz,swim+,t
1144,CHAUSSURES DE GOLF jxe,addidas,t
1145,masque pour la piscine snd,tennisopia,t
1146,MASQUE DE SKI qyf,Ucamp,t
1147,sac a eau yfd,boxing,t
1148,lunette vtt aoz,sporty,t
1149,Genouilleres vtt jqf,boxing,t
1150,piscines gonflables krq,UnderArmor,t
1151,Balle de footbal qen,addidas,t
1152,sac a eau bog,tennisopia,t
1153,piscines gonflables wyh,veloall,t
1154,PINCE NEZ DE NATATION qki,swim+,t
1155,trottinette XBS ggb,nike,t
1156,Balles de tennis xae,climbB,t
1157,SKI DE PISTE jam,climbB,t
1158,MASQUE DE SKI qpx,UnderArmor,t
1159,Balle de footbal rqo,climbB,t
1160,SACOCHE GUIDON VELO  btq,swim+,t
1161,Gants de baseball cbp,climbB,t
1162,CASQUE DE SKI  zps,nike,t
1163,Balle de baseball mcb,UnderArmor,t
1164,Balle de footbal fyd,swim+,t
1165,trottinette XBS dcs,veloall,t
1166,Balle de footbal tun,UnderArmor,t
1167,trottinette XBS kie,Ucamp,t
1168,casque bzy,Ucamp,t
1169,CASQUE DE SKI  ayv,Ucamp,t
1170,chronometre qwe,veloall,t
1171,SACOCHE GUIDON VELO  njo,UnderArmor,t
1172,Balle de baseball kmf,nike,t
1173,Balle de baseball hpn,Ucamp,t
1174,Genouilleres vtt kul,sportVet,f
1175,sac a eau yvd,UnderArmor,f
1176,CASQUE DE SKI  zir,sporty,t
1177,Balle de baseball aay,boxing,t
1178,SAC DE FRAPPE  knw,veloall,t
1179,lunettes de natation hkv,climbB,t
1180,chronometre vwz,sporty,t
1181,Genouilleres vtt gjl,boxing,t
1182,resines de handball mqn,climbB,f
1183,Balle de footbal srq,Ucamp,t
1184,lunettes de natation jrs,sporty,t
1185,chaussures velo hwa,boxing,t
1186,Genouilleres vtt wfg,Ucamp,t
1187,BOUCHONS D OREILLES xws,sportVet,t
1188,casque rkf,sporty,t
1189,lunette vtt wgj,Joy,t
1190,palmes de natation kdi,boxing,t
1191,MASQUE DE SKI bko,Joy,t
1192,Genouilleres vtt kzz,boxing,t
1193,Gants de baseball emh,climbB,t
1194,sac a eau msv,climbB,f
1195,Balle de baseball kfd,climbB,t
1196,piscines gonflables bjl,Joy,t
1197,resines de handball czj,veloall,t
1198,lunette vtt jtn,nike,t
1199,Ballons de handball rjy,climbB,t
1200,chronometre muj,Joy,t
1201,chronometre eyh,boxing,t
1202,lunette vtt jph,climbB,f
1203,chronometre ucq,swim+,t
1204,Casques de trottinette nye,boxing,t
1205,CHAUSSURES DE GOLF sgc,Ucamp,t
1206,piscines gonflables vuw,sportVet,f
1207,PINCE NEZ DE NATATION iwx,Joy,f
1208,SACOCHE GUIDON VELO  ofv,Joy,t
1209,Genouilleres vtt aov,sporty,t
1210,Balle de baseball fnl,boxing,t
1211,SKI DE PISTE qha,climbB,t
1212,gants box pxh,tennisopia,t
1213,lunettes de natation qmj,Joy,t
1214,CANNE PECHE  ylr,swim+,t
1215,SAC DE FRAPPE  mro,addidas,t
1216,MASQUE DE SKI rwx,Joy,t
1217,POMPE MANOMETRE elx,Joy,t
1218,CASQUE DE SKI  uhx,nike,t
1219,MASQUE DE SKI dsw,Joy,t
1220,CHAUSSURES DE GOLF lei,swim+,f
1221,Gants de baseball xza,Joy,t
1222,gants box lpn,veloall,f
1223,SACOCHE GUIDON VELO  mna,swim+,f
1224,SKI DE PISTE lkb,addidas,t
1225,Gants de baseball aax,nike,t
1226,SKI DE PISTE abf,Joy,t
1227,CANNE PECHE  ccl,sporty,t
1228,Gants de baseball rfx,nike,t
1229,MASQUE DE SKI pyr,climbB,t
1230,piscines gonflables age,sporty,t
1231,Gants de baseball trc,swim+,t
1232,Balle de footbal dto,boxing,f
1233,BOUCHONS D OREILLES ibd,Joy,f
1234,SKI DE PISTE wzu,veloall,t
1235,piscines gonflables ola,sporty,t
1236,chaussures velo hsh,swim+,t
1237,sac a eau ktx,sporty,t
1238,casque lud,nike,t
1239,POMPE MANOMETRE cho,swim+,f
1240,trottinette XBS cuc,Ucamp,t
1241,Gants de baseball esc,Joy,t
1242,CASQUE DE SKI  yzf,Ucamp,t
1243,BATONS DE SKI  egk,addidas,t
1244,CHAUSSURES DE GOLF jhb,veloall,t
1245,BOUCHONS D OREILLES frr,Joy,t
1246,CHAUSSURES DE GOLF rnq,nike,t
1247,MASQUE DE SKI vfl,boxing,t
1248,resines de handball wea,sporty,t
1249,sac a eau tyl,addidas,t
1250,Balles de tennis brs,veloall,f
1251,lunettes de natation zcc,tennisopia,t
1252,SKI DE PISTE hsl,swim+,t
1253,palmes de natation zdf,boxing,t
1254,chronometre psx,climbB,t
1255,CHAUSSURES DE GOLF wlh,addidas,t
1256,POMPE MANOMETRE gra,addidas,t
1257,POMPE MANOMETRE fkt,Joy,t
1258,SACOCHE GUIDON VELO  rdx,tennisopia,t
1259,Casques de trottinette vaw,sportVet,t
1260,Ballons de handball nkp,Ucamp,t
1261,Balles de tennis xim,Ucamp,t
1262,CHAUSSURES DE GOLF aac,swim+,f
1263,Balle de footbal qcz,Joy,t
1264,Gants de baseball mwt,nike,t
1265,piscines gonflables ynz,addidas,t
1266,trottinette XBZ odn,Joy,t
1267,Gants de baseball scs,sporty,t
1268,CHAUSSURES DE GOLF zar,UnderArmor,t
1269,piscines gonflables hbu,veloall,t
1270,CASQUE DE SKI  yrb,Joy,t
1271,masque pour la piscine uzv,UnderArmor,t
1272,BOUCHONS D OREILLES mfu,tennisopia,t
1273,Balles de tennis omu,addidas,t
1274,chaussures velo kyg,UnderArmor,t
1275,CHAUSSURES DE GOLF dur,Joy,t
1276,BOUCHONS D OREILLES lih,UnderArmor,t
1277,lunette vtt fei,veloall,t
1278,BATONS DE SKI  yor,boxing,t
1279,masque pour la piscine luh,sporty,t
1280,CHAUSSURES DE GOLF tjv,boxing,t
1281,lunette vtt zwp,boxing,t
1282,Balles de tennis oae,climbB,t
1283,POMPE MANOMETRE smv,climbB,t
1284,Balle de baseball iuq,nike,t
1285,resines de handball hkg,Joy,t
1286,lunette vtt jpr,UnderArmor,t
1287,masque pour la piscine new,Ucamp,t
1288,resines de handball gbe,tennisopia,t
1289,lunettes de natation roi,addidas,t
1290,BATONS DE SKI  ogm,tennisopia,t
1291,masque pour la piscine ths,Ucamp,f
1292,gants box uak,climbB,t
1293,CASQUE DE SKI  pnp,UnderArmor,t
1294,Casques de trottinette fxj,nike,t
1295,Balle de footbal uku,addidas,t
1296,palmes de natation egj,boxing,t
1297,MASQUE DE SKI uiv,nike,f
1298,resines de handball vcl,sportVet,t
1299,palmes de natation exu,climbB,t
1300,casque vxq,tennisopia,t
1301,piscines gonflables ejr,tennisopia,t
1302,chaussures velo nat,sportVet,f
1303,resines de handball piu,Joy,t
1304,BATONS DE SKI  cna,tennisopia,f
1305,SAC DE FRAPPE  ogi,UnderArmor,t
1306,PINCE NEZ DE NATATION qfh,Ucamp,t
1307,CASQUE DE SKI  iew,tennisopia,t
1308,MASQUE DE SKI rlk,nike,t
1309,SAC DE FRAPPE  cku,nike,f
1310,trottinette XBZ uhv,boxing,t
1311,SAC DE FRAPPE  tfk,veloall,t
1312,MASQUE DE SKI qdk,Ucamp,t
1313,palmes de natation aav,nike,t
1314,chronometre loz,swim+,t
1315,Genouilleres vtt avo,veloall,t
1316,gants box bun,Joy,t
1317,chaussures velo gaj,sportVet,t
1318,MASQUE DE SKI egh,swim+,t
1319,gants box eoi,swim+,t
1320,masque pour la piscine hws,nike,t
1321,casque ybm,veloall,t
1322,Balle de footbal yuy,Ucamp,t
1323,chaussures velo zov,veloall,t
1324,piscines gonflables rbh,nike,t
1325,POMPE MANOMETRE jra,addidas,t
1326,palmes de natation lol,veloall,t
1327,SKI DE PISTE zbt,sportVet,t
1328,BOUCHONS D OREILLES omh,UnderArmor,f
1329,SACOCHE GUIDON VELO  cmk,sportVet,t
1330,trottinette XBS xwj,addidas,t
1331,casque rvo,nike,t
1332,palmes de natation uxk,sportVet,t
1333,Gants de baseball nhj,Ucamp,t
1334,Gants de baseball yqs,swim+,t
1335,palmes de natation gzw,UnderArmor,t
1336,POMPE MANOMETRE rjg,boxing,t
1337,CHAUSSURES DE GOLF yoe,climbB,t
1338,Gants de baseball khj,sporty,t
1339,PINCE NEZ DE NATATION pqj,sporty,t
1340,Genouilleres vtt pqs,UnderArmor,t
1341,gants box xbf,climbB,t
1342,trottinette XBS fhk,veloall,t
1343,CHAUSSURES DE GOLF ryl,veloall,t
1344,POMPE MANOMETRE ikg,UnderArmor,f
1345,PINCE NEZ DE NATATION gkg,climbB,t
1346,masque pour la piscine pmc,nike,t
1347,CHAUSSURES DE GOLF tuf,Ucamp,t
1348,palmes de natation mjt,sportVet,t
1349,chaussures velo dua,boxing,t
1350,CANNE PECHE  ici,sportVet,t
1351,casque dhn,UnderArmor,t
1352,Gants de baseball uts,sporty,t
1353,lunette vtt hru,boxing,t
1354,lunette vtt cde,addidas,t
1355,CHAUSSURES DE GOLF brj,veloall,t
1356,Balles de tennis wwt,nike,t
1357,palmes de natation hoz,Joy,t
1358,Balles de tennis bez,veloall,t
1359,POMPE MANOMETRE zsr,swim+,f
1360,lunette vtt pjz,swim+,f
1361,chronometre hml,sporty,t
1362,Balles de tennis ftk,climbB,t
1363,palmes de natation kiy,climbB,t
1364,BOUCHONS D OREILLES lkd,addidas,t
1365,BATONS DE SKI  ttc,boxing,t
1366,Ballons de handball vuf,Joy,t
1367,lunette vtt ehx,tennisopia,t
1368,masque pour la piscine vhb,veloall,t
1369,POMPE MANOMETRE bop,veloall,t
1370,lunette vtt jhe,addidas,t
1371,lunette vtt sat,sporty,t
1372,piscines gonflables pea,swim+,f
1373,CANNE PECHE  dvc,Ucamp,t
1374,PINCE NEZ DE NATATION noz,UnderArmor,t
1375,SKI DE PISTE hkp,veloall,f
1376,BOUCHONS D OREILLES vif,sportVet,t
1377,Gants de baseball ptc,UnderArmor,t
1378,PINCE NEZ DE NATATION lss,climbB,t
1379,palmes de natation eyu,UnderArmor,t
1380,masque pour la piscine ywu,nike,f
1381,SAC DE FRAPPE  igy,UnderArmor,t
1382,trottinette XBZ vhm,swim+,t
1383,SKI DE PISTE ueu,Ucamp,f
1384,PINCE NEZ DE NATATION emu,veloall,t
1385,Ballons de handball cwc,nike,t
1386,Balles de tennis opd,addidas,f
1387,CANNE PECHE  xug,climbB,t
1388,SACOCHE GUIDON VELO  xze,Joy,t
1389,SACOCHE GUIDON VELO  afe,climbB,t
1390,Balle de footbal pjc,climbB,f
1391,Casques de trottinette jwe,boxing,t
1392,piscines gonflables alv,UnderArmor,t
1393,resines de handball zxl,boxing,t
1394,chaussures velo pvy,sportVet,t
1395,POMPE MANOMETRE rse,boxing,t
1396,BOUCHONS D OREILLES jqa,Joy,t
1397,resines de handball tjq,climbB,t
1398,chaussures velo eqi,sporty,t
1399,BOUCHONS D OREILLES tuy,Joy,f
1400,CASQUE DE SKI  wvm,tennisopia,t
1401,CANNE PECHE  rrd,veloall,t
1402,SKI DE PISTE eag,boxing,t
1403,chronometre xwt,climbB,t
1404,Balle de baseball obm,climbB,t
1405,BOUCHONS D OREILLES cvp,climbB,t
1406,chronometre bcv,addidas,f
1407,CASQUE DE SKI  sgz,tennisopia,t
1408,Balle de baseball ary,swim+,t
1409,chronometre syw,Ucamp,t
1410,Gants de baseball uca,boxing,t
1411,Ballons de handball aro,veloall,t
1412,piscines gonflables ulz,nike,t
1413,lunette vtt ilt,tennisopia,t
1414,Balle de footbal wmp,addidas,t
1415,CHAUSSURES DE GOLF afd,boxing,t
1416,sac a eau qif,Ucamp,t
1417,Casques de trottinette dvs,Ucamp,t
1418,trottinette XBZ tqr,addidas,t
1419,SACOCHE GUIDON VELO  jdx,veloall,t
1420,SAC DE FRAPPE  kgd,addidas,t
1421,Balle de baseball aho,Ucamp,t
1422,Gants de baseball ugr,nike,t
1423,piscines gonflables wmd,sportVet,t
1424,CANNE PECHE  ysw,veloall,t
1425,SKI DE PISTE jwa,climbB,t
1426,Gants de baseball bkx,UnderArmor,t
1427,Balle de footbal wtg,veloall,t
1428,masque pour la piscine kpv,climbB,f
1429,chaussures velo kga,tennisopia,t
1430,PINCE NEZ DE NATATION iqi,Joy,t
1431,sac a eau pcs,sportVet,t
1432,sac a eau ztx,sportVet,t
1433,PINCE NEZ DE NATATION rmr,UnderArmor,t
1434,gants box ilr,climbB,t
1435,PINCE NEZ DE NATATION sry,Ucamp,t
1436,resines de handball hgj,nike,f
1437,SKI DE PISTE rra,sporty,t
1438,gants box fps,swim+,t
1439,chaussures velo uul,UnderArmor,f
1440,MASQUE DE SKI cib,nike,t
1441,chaussures velo khl,climbB,t
1442,Balles de tennis jry,sportVet,t
1443,BOUCHONS D OREILLES svc,boxing,t
1444,masque pour la piscine gqd,addidas,t
1445,BOUCHONS D OREILLES tgn,swim+,t
1446,Balle de footbal rbs,addidas,t
1447,piscines gonflables ffb,swim+,t
1448,Genouilleres vtt dbj,boxing,f
1449,Balle de baseball soi,Ucamp,t
1450,gants box rco,tennisopia,t
1451,Casques de trottinette zgt,Ucamp,f
1452,BOUCHONS D OREILLES vmc,Joy,t
1453,POMPE MANOMETRE pmz,nike,t
1454,Balle de footbal isz,Joy,t
1455,resines de handball ywl,veloall,t
1456,BATONS DE SKI  rkt,climbB,f
1457,lunettes de natation wtm,boxing,t
1458,lunette vtt rfy,Joy,t
1459,SKI DE PISTE hbp,sportVet,t
1460,gants box apw,swim+,t
1461,POMPE MANOMETRE vmt,veloall,t
1462,SACOCHE GUIDON VELO  cfu,climbB,f
1463,Balle de baseball qdh,UnderArmor,t
1464,BOUCHONS D OREILLES cas,tennisopia,t
1465,SKI DE PISTE ljt,addidas,t
1466,casque loq,climbB,t
1467,piscines gonflables nor,Ucamp,t
1468,CANNE PECHE  fjw,Joy,t
1469,gants box lbs,veloall,t
1470,lunettes de natation yop,UnderArmor,t
1471,SKI DE PISTE oqa,Joy,f
1472,lunettes de natation kfi,sporty,t
1473,chaussures velo xaw,climbB,t
1474,MASQUE DE SKI xbd,Joy,t
1475,chaussures velo pgo,nike,t
1476,masque pour la piscine llb,climbB,t
1477,Gants de baseball irm,tennisopia,t
1478,lunettes de natation uyk,boxing,f
1479,masque pour la piscine vur,UnderArmor,f
1480,Gants de baseball gww,tennisopia,t
1481,Balles de tennis gnj,addidas,t
1482,SACOCHE GUIDON VELO  ovh,climbB,t
1483,lunette vtt ipg,swim+,t
1484,SACOCHE GUIDON VELO  hpl,veloall,t
1485,BATONS DE SKI  nzu,addidas,t
1486,SKI DE PISTE bbb,climbB,t
1487,CHAUSSURES DE GOLF sel,sporty,t
1488,SACOCHE GUIDON VELO  mon,sporty,f
1489,Balle de footbal zqs,UnderArmor,t
1490,SAC DE FRAPPE  owb,sporty,f
1491,casque tar,swim+,t
1492,casque xlk,tennisopia,t
1493,chronometre qvy,addidas,t
1494,sac a eau itb,nike,t
1495,trottinette XBS bcf,veloall,t
1496,POMPE MANOMETRE vta,Ucamp,t
1497,Genouilleres vtt hcj,climbB,t
1498,piscines gonflables ilk,nike,f
1499,resines de handball srh,addidas,t
1500,Gants de baseball kyu,nike,t
1501,trottinette XBZ nvf,sportVet,f
1502,SAC DE FRAPPE  bau,veloall,t
1503,SACOCHE GUIDON VELO  jof,nike,t
1504,MASQUE DE SKI dxh,sporty,f
1505,palmes de natation iry,swim+,t
1506,Casques de trottinette szs,UnderArmor,t
1507,Gants de baseball sij,UnderArmor,t
1508,Gants de baseball pzr,veloall,t
1509,PINCE NEZ DE NATATION wlp,boxing,f
1510,masque pour la piscine lel,Ucamp,t
1511,chaussures velo kbr,sportVet,t
1512,Genouilleres vtt whp,veloall,t
1513,Ballons de handball hvm,Joy,t
1514,trottinette XBZ xok,addidas,t
1515,casque kyy,addidas,t
1516,casque fva,Ucamp,t
1517,Balles de tennis oas,tennisopia,t
1518,MASQUE DE SKI mqi,boxing,t
1519,palmes de natation urw,addidas,t
1520,piscines gonflables mmo,sportVet,f
1521,CHAUSSURES DE GOLF gcg,climbB,t
1522,SKI DE PISTE reo,swim+,t
1523,CASQUE DE SKI  gds,climbB,t
1524,MASQUE DE SKI kdi,climbB,f
1525,trottinette XBS inv,UnderArmor,t
1526,Gants de baseball uip,tennisopia,t
1527,Genouilleres vtt pku,boxing,t
1528,piscines gonflables alv,addidas,t
1529,Balles de tennis yep,addidas,t
1530,resines de handball sca,swim+,t
1531,POMPE MANOMETRE mmo,tennisopia,t
1532,masque pour la piscine eot,nike,t
1533,MASQUE DE SKI mzo,climbB,t
1534,Balle de baseball jpr,addidas,t
1535,CHAUSSURES DE GOLF tnx,Ucamp,t
1536,chronometre rgj,Joy,t
1537,BOUCHONS D OREILLES ejk,Joy,t
1538,Genouilleres vtt frp,boxing,t
1539,CHAUSSURES DE GOLF eil,Joy,t
1540,SAC DE FRAPPE  bve,veloall,t
1541,trottinette XBS noi,Joy,t
1542,gants box hhy,nike,t
1543,chaussures velo uhe,addidas,t
1544,casque vlc,swim+,t
1545,PINCE NEZ DE NATATION bom,sportVet,t
1546,Casques de trottinette cmk,UnderArmor,t
1547,CANNE PECHE  ahd,UnderArmor,t
1548,lunette vtt ryj,sporty,t
1549,POMPE MANOMETRE ted,Joy,t
1550,lunettes de natation qdk,tennisopia,t
1551,sac a eau cuf,climbB,t
1552,palmes de natation xdw,veloall,t
1553,palmes de natation lnl,UnderArmor,f
1554,BOUCHONS D OREILLES nqn,Ucamp,t
1555,piscines gonflables sis,tennisopia,t
1556,casque tqq,climbB,t
1557,piscines gonflables agd,Joy,t
1558,SACOCHE GUIDON VELO  vkf,UnderArmor,t
1559,chaussures velo ebs,addidas,t
1560,SKI DE PISTE jfb,Joy,t
1561,chaussures velo emw,climbB,t
1562,sac a eau ula,climbB,t
1563,gants box hkw,climbB,t
1564,SAC DE FRAPPE  qid,climbB,t
1565,SAC DE FRAPPE  uun,addidas,t
1566,resines de handball aoa,veloall,t
1567,SACOCHE GUIDON VELO  qxb,sporty,t
1568,chaussures velo utd,sporty,t
1569,BOUCHONS D OREILLES ejv,sportVet,t
1570,lunettes de natation jct,swim+,t
1571,trottinette XBZ rmt,tennisopia,t
1572,resines de handball via,addidas,t
1573,SAC DE FRAPPE  qiw,Joy,t
1574,sac a eau gpv,sportVet,f
1575,Balle de baseball kwa,addidas,t
1576,piscines gonflables hlq,sportVet,t
1577,gants box fwo,sporty,t
1578,CHAUSSURES DE GOLF fvd,boxing,t
1579,sac a eau mdr,tennisopia,t
1580,resines de handball utl,sporty,t
1581,CHAUSSURES DE GOLF ziz,swim+,t
1582,palmes de natation ywg,addidas,t
1583,palmes de natation fcf,sportVet,t
1584,Casques de trottinette wwq,Joy,t
1585,casque fxw,Joy,t
1586,resines de handball bjk,boxing,t
1587,lunette vtt pyq,Ucamp,t
1588,BATONS DE SKI  hra,Joy,f
1589,Gants de baseball qcf,addidas,t
1590,Gants de baseball gyr,swim+,f
1591,gants box sol,sportVet,t
1592,BOUCHONS D OREILLES vln,Joy,t
1593,masque pour la piscine imp,Ucamp,t
1594,resines de handball zku,Joy,t
1595,SACOCHE GUIDON VELO  mlk,climbB,t
1596,Gants de baseball jif,sportVet,t
1597,Gants de baseball bee,swim+,t
1598,SACOCHE GUIDON VELO  fvw,swim+,t
1599,BATONS DE SKI  cwq,sporty,t
1600,POMPE MANOMETRE wuq,swim+,t
1601,Balle de baseball pnc,swim+,t
1602,resines de handball lez,UnderArmor,t
1603,piscines gonflables pvs,tennisopia,f
1604,trottinette XBS krp,nike,f
1605,Balles de tennis zib,climbB,t
1606,gants box mjo,veloall,t
1607,lunettes de natation qvj,addidas,t
1608,chaussures velo psh,Joy,f
1609,Ballons de handball fbs,veloall,t
1610,palmes de natation bpm,boxing,t
1611,POMPE MANOMETRE dww,veloall,t
1612,SACOCHE GUIDON VELO  dyc,tennisopia,t
1613,casque knu,veloall,f
1614,SKI DE PISTE die,climbB,f
1615,MASQUE DE SKI owx,climbB,t
1616,piscines gonflables wlf,addidas,t
1617,MASQUE DE SKI obm,boxing,t
1618,trottinette XBZ avi,tennisopia,t
1619,gants box jfe,boxing,t
1620,gants box hos,addidas,f
1621,Ballons de handball fcv,addidas,f
1622,Balle de baseball bma,swim+,t
1623,trottinette XBZ mqp,veloall,t
1624,Gants de baseball npn,addidas,t
1625,MASQUE DE SKI phk,addidas,t
1626,resines de handball wat,climbB,f
1627,Balles de tennis rpw,swim+,t
1628,SKI DE PISTE wpm,veloall,t
1629,PINCE NEZ DE NATATION aun,climbB,t
1630,masque pour la piscine rds,tennisopia,t
1631,BOUCHONS D OREILLES vxx,veloall,t
1632,CASQUE DE SKI  atu,Ucamp,t
1633,lunette vtt nmp,UnderArmor,t
1634,PINCE NEZ DE NATATION dxk,nike,t
1635,gants box xzg,tennisopia,t
1636,PINCE NEZ DE NATATION qfi,sportVet,t
1637,Casques de trottinette qwi,veloall,t
1638,lunette vtt jin,boxing,t
1639,Balles de tennis hqo,Ucamp,t
1640,chaussures velo vyo,swim+,t
1641,Gants de baseball tpd,tennisopia,f
1642,Genouilleres vtt sti,veloall,t
1643,sac a eau atz,veloall,t
1644,MASQUE DE SKI wsh,nike,f
1645,Balle de baseball oni,Joy,t
1646,palmes de natation dhi,nike,t
1647,SAC DE FRAPPE  cuo,addidas,t
1648,Ballons de handball fod,veloall,t
1649,PINCE NEZ DE NATATION bkw,boxing,f
1650,Genouilleres vtt yee,Ucamp,f
1651,casque mfl,addidas,t
1652,trottinette XBZ tuv,boxing,t
1653,trottinette XBS tsm,swim+,t
1654,Gants de baseball vmz,swim+,f
1655,chaussures velo tvj,addidas,t
1656,lunette vtt rws,UnderArmor,f
1657,sac a eau myf,UnderArmor,t
1658,Balle de baseball lms,Ucamp,t
1659,SKI DE PISTE xgq,swim+,t
1660,chaussures velo mqv,sportVet,t
1661,SAC DE FRAPPE  mau,sporty,f
1662,lunette vtt tnr,sportVet,t
1663,Balle de footbal hps,UnderArmor,t
1664,trottinette XBZ fef,nike,t
1665,casque zqb,sporty,f
1666,masque pour la piscine udc,tennisopia,t
1667,CASQUE DE SKI  vgt,UnderArmor,t
1668,gants box ctr,sporty,t
1669,gants box fsz,addidas,t
1670,chronometre yng,nike,t
1671,SAC DE FRAPPE  pcn,sportVet,t
1672,trottinette XBZ vuc,boxing,t
1673,chaussures velo mow,Ucamp,t
1674,SACOCHE GUIDON VELO  yed,swim+,t
1675,CASQUE DE SKI  zex,boxing,t
1676,POMPE MANOMETRE dwp,sporty,f
1677,Gants de baseball mbs,sportVet,f
1678,Casques de trottinette hdx,veloall,t
1679,PINCE NEZ DE NATATION xsz,sporty,t
1680,trottinette XBZ emd,swim+,t
1681,piscines gonflables hbz,UnderArmor,t
1682,trottinette XBZ lyt,Ucamp,t
1683,PINCE NEZ DE NATATION jzg,addidas,t
1684,Ballons de handball kxq,nike,t
1685,PINCE NEZ DE NATATION mdt,UnderArmor,t
1686,Balle de baseball ibs,Joy,f
1687,CASQUE DE SKI  vun,boxing,t
1688,BATONS DE SKI  sjb,climbB,t
1689,CANNE PECHE  ubh,addidas,t
1690,CHAUSSURES DE GOLF ecr,tennisopia,t
1691,piscines gonflables bbu,sportVet,t
1692,Ballons de handball bad,tennisopia,t
1693,gants box pea,Ucamp,t
1694,lunette vtt upl,nike,t
1695,Casques de trottinette fun,sportVet,t
1696,Casques de trottinette gxe,UnderArmor,t
1697,resines de handball rcl,Joy,t
1698,sac a eau mtp,swim+,t
1699,casque qyn,veloall,t
1700,Casques de trottinette vfn,veloall,t
1701,trottinette XBZ xdq,sportVet,t
1702,SAC DE FRAPPE  dlq,Ucamp,t
1703,piscines gonflables fko,tennisopia,t
1704,Ballons de handball ykb,UnderArmor,t
1705,gants box uow,Joy,t
1706,palmes de natation ntd,Ucamp,t
1707,sac a eau txu,Joy,t
1708,trottinette XBZ rgc,Joy,t
1709,BATONS DE SKI  svh,boxing,t
1710,Genouilleres vtt uqe,sporty,t
1711,chaussures velo uav,UnderArmor,t
1712,resines de handball gjv,veloall,t
1713,Gants de baseball ntg,addidas,t
1714,CASQUE DE SKI  hey,climbB,t
1715,masque pour la piscine xrn,veloall,t
1716,resines de handball oug,veloall,t
1717,Genouilleres vtt xjm,tennisopia,t
1718,resines de handball awg,Joy,t
1719,chronometre ywq,Ucamp,t
1720,CASQUE DE SKI  bhl,boxing,t
1721,Balle de footbal pqk,sportVet,t
1722,BATONS DE SKI  eth,addidas,t
1723,MASQUE DE SKI bvt,swim+,t
1724,MASQUE DE SKI hks,tennisopia,t
1725,Casques de trottinette bnn,Ucamp,f
1726,Balles de tennis iri,sportVet,t
1727,masque pour la piscine eoz,sporty,t
1728,piscines gonflables dli,climbB,t
1729,piscines gonflables veb,Joy,t
1730,SAC DE FRAPPE  xwy,nike,t
1731,Balles de tennis pym,Ucamp,t
1732,CHAUSSURES DE GOLF mye,UnderArmor,t
1733,Casques de trottinette tji,sportVet,t
1734,Ballons de handball ucy,Ucamp,t
1735,lunette vtt bfp,nike,t
1736,chronometre wyi,Ucamp,t
1737,gants box nup,Joy,t
1738,Balle de baseball nej,boxing,t
1739,chaussures velo kko,sporty,f
1740,trottinette XBS wli,addidas,t
1741,sac a eau vbj,Joy,t
1742,Gants de baseball tuh,UnderArmor,t
1743,chaussures velo bpd,tennisopia,t
1744,chronometre iqj,climbB,t
1745,Gants de baseball wgn,Ucamp,t
1746,CANNE PECHE  qhq,sporty,t
1747,BOUCHONS D OREILLES byy,boxing,t
1748,chronometre iqs,swim+,t
1749,sac a eau lqr,swim+,t
1750,Genouilleres vtt sxk,climbB,t
1751,Genouilleres vtt uqf,tennisopia,t
1752,masque pour la piscine tow,sporty,t
1753,CASQUE DE SKI  xiw,climbB,f
1754,resines de handball all,veloall,t
1755,Gants de baseball ucu,Ucamp,t
1756,POMPE MANOMETRE ijk,Joy,t
1757,BOUCHONS D OREILLES jeq,Joy,f
1758,Balle de baseball aag,sporty,t
1759,lunette vtt lbl,tennisopia,t
1760,lunettes de natation ovn,nike,t
1761,palmes de natation kpg,tennisopia,t
1762,MASQUE DE SKI tnt,boxing,t
1763,lunettes de natation wrx,nike,t
1764,Balles de tennis xci,nike,t
1765,CASQUE DE SKI  ido,Ucamp,t
1766,gants box fkt,sporty,t
1767,lunette vtt tqx,veloall,t
1768,PINCE NEZ DE NATATION xcz,Ucamp,t
1769,Gants de baseball wfb,swim+,t
1770,Balle de baseball aup,Joy,t
1771,CASQUE DE SKI  hzu,veloall,t
1772,Gants de baseball ieo,boxing,t
1773,Genouilleres vtt tqo,nike,t
1774,Balle de baseball kaf,UnderArmor,t
1775,masque pour la piscine mzn,nike,t
1776,lunettes de natation tll,tennisopia,t
1777,BATONS DE SKI  dak,UnderArmor,t
1778,BOUCHONS D OREILLES dry,swim+,t
1779,chronometre yrl,climbB,t
1780,SAC DE FRAPPE  wwe,swim+,t
1781,Balle de footbal hrz,climbB,t
1782,piscines gonflables uwh,sportVet,t
1783,trottinette XBZ ave,Ucamp,t
1784,Ballons de handball mfn,veloall,t
1785,POMPE MANOMETRE rqa,sportVet,t
1786,CHAUSSURES DE GOLF nzg,Ucamp,t
1787,POMPE MANOMETRE wcv,boxing,f
1788,Balles de tennis nek,sporty,t
1789,SKI DE PISTE xaw,sporty,t
1790,palmes de natation bms,nike,t
1791,MASQUE DE SKI fxy,sporty,t
1792,trottinette XBZ kyf,addidas,t
1793,sac a eau buw,Joy,t
1794,resines de handball krg,Ucamp,t
1795,Casques de trottinette rgt,tennisopia,f
1796,Casques de trottinette udl,UnderArmor,t
1797,BATONS DE SKI  grl,Ucamp,t
1798,chronometre lkr,tennisopia,t
1799,lunette vtt jvr,addidas,f
1800,SAC DE FRAPPE  vmo,addidas,t
1801,sac a eau veu,nike,t
1802,Ballons de handball ihy,sporty,t
1803,resines de handball mbd,sporty,t
1804,gants box drr,nike,t
1805,MASQUE DE SKI wcu,sportVet,t
1806,trottinette XBS jsh,addidas,t
1807,CANNE PECHE  rei,sportVet,t
1808,CANNE PECHE  fkw,UnderArmor,t
1809,sac a eau uvf,sportVet,t
1810,SKI DE PISTE qns,swim+,t
1811,casque jjy,sporty,f
1812,Genouilleres vtt xzg,boxing,t
1813,SKI DE PISTE mgl,climbB,t
1814,chaussures velo vqw,swim+,f
1815,SACOCHE GUIDON VELO  izb,UnderArmor,t
1816,trottinette XBZ qgh,addidas,t
1817,lunette vtt lls,nike,t
1818,lunettes de natation nre,climbB,f
1819,trottinette XBS mtr,tennisopia,t
1820,SAC DE FRAPPE  odd,sportVet,t
1821,piscines gonflables rqh,tennisopia,t
1822,resines de handball ebh,climbB,t
1823,POMPE MANOMETRE vbd,Joy,t
1824,lunette vtt qwg,Ucamp,t
1825,chaussures velo vaj,UnderArmor,t
1826,PINCE NEZ DE NATATION jxw,Joy,t
1827,BATONS DE SKI  yok,Joy,t
1828,BOUCHONS D OREILLES iiq,veloall,t
1829,sac a eau rvv,addidas,t
1830,Balle de footbal yul,Ucamp,t
1831,POMPE MANOMETRE tqs,tennisopia,t
1832,Ballons de handball mji,swim+,t
1833,chaussures velo uey,Ucamp,t
1834,CHAUSSURES DE GOLF dvn,Ucamp,t
1835,Balle de baseball gdi,tennisopia,t
1836,palmes de natation zey,Ucamp,t
1837,chronometre sfm,sportVet,t
1838,masque pour la piscine eje,UnderArmor,t
1839,POMPE MANOMETRE wor,climbB,t
1840,POMPE MANOMETRE qvx,climbB,t
1841,lunettes de natation xab,Ucamp,t
1842,POMPE MANOMETRE eeq,boxing,t
1843,BATONS DE SKI  fuk,sportVet,t
1844,chaussures velo icu,veloall,t
1845,sac a eau yos,sportVet,t
1846,CASQUE DE SKI  mxq,sportVet,t
1847,SAC DE FRAPPE  fin,climbB,t
1848,Ballons de handball gao,boxing,t
1849,POMPE MANOMETRE vst,UnderArmor,t
1850,Genouilleres vtt xgy,tennisopia,t
1851,chronometre xvp,sportVet,t
1852,CANNE PECHE  azw,addidas,t
1853,BOUCHONS D OREILLES otb,sportVet,t
1854,MASQUE DE SKI xsw,sportVet,t
1855,PINCE NEZ DE NATATION lgq,boxing,t
1856,SACOCHE GUIDON VELO  vez,swim+,t
1857,SKI DE PISTE avj,sporty,t
1858,masque pour la piscine jic,climbB,t
1859,gants box osq,veloall,t
1860,CASQUE DE SKI  wgg,climbB,t
1861,lunette vtt ydd,Joy,t
1862,Balle de baseball wvs,sportVet,t
1863,palmes de natation wra,tennisopia,t
1864,Balles de tennis cbl,nike,t
1865,trottinette XBS ndc,sporty,t
1866,BOUCHONS D OREILLES mue,swim+,t
1867,trottinette XBZ hzn,sporty,t
1868,BOUCHONS D OREILLES qjj,swim+,t
1869,Balles de tennis hkv,nike,t
1870,Gants de baseball lgn,sporty,t
1871,trottinette XBS ckh,sporty,t
1872,SKI DE PISTE yoa,Ucamp,t
1873,SAC DE FRAPPE  yte,swim+,t
1874,lunette vtt uet,boxing,t
1875,Ballons de handball aas,nike,t
1876,Balle de baseball adi,addidas,t
1877,trottinette XBS rje,addidas,t
1878,POMPE MANOMETRE vxj,boxing,t
1879,PINCE NEZ DE NATATION tqv,UnderArmor,t
1880,casque gxc,Joy,t
1881,SAC DE FRAPPE  wke,Ucamp,t
1882,Genouilleres vtt afx,swim+,t
1883,SKI DE PISTE ozi,sporty,f
1884,Ballons de handball ser,addidas,f
1885,SAC DE FRAPPE  tcq,tennisopia,f
1886,Balle de baseball srj,boxing,t
1887,piscines gonflables dox,sportVet,t
1888,masque pour la piscine pjz,swim+,t
1889,lunettes de natation aek,Joy,t
1890,CHAUSSURES DE GOLF cnl,nike,t
1891,CANNE PECHE  cfy,tennisopia,t
1892,palmes de natation cff,swim+,f
1893,Balle de baseball nqe,UnderArmor,t
1894,SAC DE FRAPPE  pzh,boxing,t
1895,resines de handball pew,addidas,t
1896,trottinette XBZ uhq,veloall,t
1897,SKI DE PISTE rsu,Ucamp,f
1898,Genouilleres vtt wab,swim+,t
1899,Balle de footbal jzu,veloall,f
1900,chaussures velo fwk,climbB,t
1901,POMPE MANOMETRE eem,nike,t
1902,Genouilleres vtt zaz,veloall,t
1903,sac a eau nyb,UnderArmor,t
1904,palmes de natation rgd,Ucamp,t
1905,Gants de baseball qoe,climbB,t
1906,CANNE PECHE  ryq,climbB,t
1907,chaussures velo ivv,boxing,t
1908,CANNE PECHE  unz,boxing,t
1909,Gants de baseball nmo,sportVet,t
1910,CHAUSSURES DE GOLF qui,climbB,t
1911,lunette vtt vam,nike,t
1912,Balle de footbal hsl,boxing,t
1913,chaussures velo gob,Ucamp,t
1914,sac a eau fhe,nike,t
1915,trottinette XBZ zux,UnderArmor,t
1916,CHAUSSURES DE GOLF msp,Ucamp,t
1917,CASQUE DE SKI  tig,sporty,f
1918,lunettes de natation brb,tennisopia,t
1919,chronometre cqj,climbB,t
1920,chronometre idt,Ucamp,t
1921,trottinette XBZ mdz,Joy,t
1922,Gants de baseball zpi,climbB,t
1923,trottinette XBS qiv,boxing,t
1924,piscines gonflables qje,boxing,t
1925,CASQUE DE SKI  bpy,Joy,t
1926,SAC DE FRAPPE  gis,addidas,t
1927,BATONS DE SKI  upw,boxing,t
1928,lunette vtt ioq,veloall,t
1929,SACOCHE GUIDON VELO  kav,boxing,t
1930,chaussures velo sev,climbB,t
1931,MASQUE DE SKI uxn,addidas,f
1932,gants box mbh,swim+,t
1933,Balle de footbal sja,addidas,f
1934,Balles de tennis jyo,veloall,t
1935,palmes de natation kum,addidas,t
1936,Balle de footbal nyh,sportVet,t
1937,trottinette XBZ afz,nike,t
1938,Balles de tennis dxv,Joy,t
1939,Casques de trottinette egn,nike,t
1940,gants box isq,Joy,t
1941,CASQUE DE SKI  ysf,Ucamp,t
1942,CANNE PECHE  szj,sporty,t
1943,sac a eau qti,veloall,t
1944,resines de handball fpi,swim+,t
1945,CASQUE DE SKI  zek,Joy,t
1946,SACOCHE GUIDON VELO  tdi,UnderArmor,t
1947,BATONS DE SKI  tbn,nike,t
1948,palmes de natation pig,boxing,t
1949,SKI DE PISTE azs,swim+,f
1950,chronometre uqs,UnderArmor,t
1951,masque pour la piscine ott,Joy,t
1952,masque pour la piscine xmx,nike,t
1953,Balle de baseball npn,sporty,t
1954,CHAUSSURES DE GOLF wvz,UnderArmor,t
1955,chronometre xxa,tennisopia,t
1956,SACOCHE GUIDON VELO  eib,climbB,t
1957,Gants de baseball glk,UnderArmor,t
1958,Gants de baseball lli,addidas,t
1959,CASQUE DE SKI  mvq,veloall,f
1960,CANNE PECHE  txp,Joy,t
1961,CASQUE DE SKI  zah,Joy,t
1962,BOUCHONS D OREILLES pbx,Joy,t
1963,piscines gonflables yrs,UnderArmor,t
1964,resines de handball bhi,swim+,t
1965,CANNE PECHE  vgv,tennisopia,t
1966,trottinette XBZ nhn,climbB,t
1967,piscines gonflables xbj,Ucamp,t
1968,SAC DE FRAPPE  slh,boxing,t
1969,Balles de tennis prh,UnderArmor,t
1970,Genouilleres vtt clx,UnderArmor,f
1971,piscines gonflables kyf,Ucamp,t
1972,Genouilleres vtt lgb,addidas,t
1973,SACOCHE GUIDON VELO  mql,boxing,t
1974,chaussures velo veg,swim+,t
1975,CHAUSSURES DE GOLF kuw,swim+,t
1976,casque kct,UnderArmor,t
1977,CASQUE DE SKI  ufk,Joy,t
1978,trottinette XBZ zif,nike,t
1979,Gants de baseball mik,swim+,t
1980,CANNE PECHE  ivb,sporty,t
1981,lunette vtt wpk,Joy,t
1982,chaussures velo rxn,addidas,f
1983,CHAUSSURES DE GOLF jnq,tennisopia,t
1984,Gants de baseball jqu,nike,t
1985,chaussures velo fta,climbB,t
1986,Balle de footbal qcq,sportVet,t
1987,BATONS DE SKI  sjo,swim+,t
1988,CANNE PECHE  fyw,UnderArmor,t
1989,lunette vtt sen,boxing,t
1990,SACOCHE GUIDON VELO  qpe,sporty,t
1991,MASQUE DE SKI vgm,sporty,t
1992,Genouilleres vtt rbt,nike,t
1993,chronometre ifh,UnderArmor,f
1994,BATONS DE SKI  ees,swim+,t
1995,Balle de footbal lvy,swim+,t
1996,chaussures velo ljm,Joy,t
1997,trottinette XBZ mwk,nike,t
1998,Gants de baseball ncb,addidas,f
1999,Gants de baseball hiz,Joy,t
2000,POMPE MANOMETRE nst,tennisopia,t
2001,trottinette XBZ bnk,nike,t
2002,CHAUSSURES DE GOLF mwv,nike,t
2003,piscines gonflables mjl,veloall,f
2004,chaussures velo jwh,veloall,t
2005,trottinette XBZ vrw,veloall,t
2006,trottinette XBZ rxl,nike,t
2007,PINCE NEZ DE NATATION ywa,sportVet,t
2008,trottinette XBZ tdh,nike,t
2009,Gants de baseball cik,UnderArmor,t
2010,BOUCHONS D OREILLES nwl,veloall,f
2011,Balle de footbal tmm,Joy,t
2012,SACOCHE GUIDON VELO  guj,boxing,t
2013,BOUCHONS D OREILLES leb,nike,t
2014,Balles de tennis wva,Ucamp,t
2015,Casques de trottinette vlx,UnderArmor,t
2016,Balle de footbal awh,Ucamp,t
2017,casque umx,sporty,t
2018,Gants de baseball isw,swim+,t
2019,SACOCHE GUIDON VELO  bhf,tennisopia,t
2020,chronometre xrs,climbB,t
2021,SACOCHE GUIDON VELO  bgj,UnderArmor,t
2022,SAC DE FRAPPE  uha,boxing,t
2023,Gants de baseball esw,veloall,t
2024,trottinette XBZ cxn,tennisopia,t
2025,Balle de footbal kdc,veloall,t
2026,Genouilleres vtt ufy,swim+,t
2027,Gants de baseball gzi,tennisopia,t
2028,Balle de footbal lgu,Joy,t
2029,palmes de natation zrv,boxing,t
2030,POMPE MANOMETRE yzk,swim+,f
2031,chaussures velo ldo,veloall,t
2032,Balle de footbal ikm,sportVet,t
2033,lunettes de natation esp,UnderArmor,t
2034,CHAUSSURES DE GOLF udq,swim+,t
2035,SKI DE PISTE paq,UnderArmor,t
2036,BOUCHONS D OREILLES nbk,Ucamp,t
2037,lunettes de natation rlw,climbB,t
2038,Casques de trottinette bqz,tennisopia,t
2039,piscines gonflables lmp,addidas,t
2040,Balle de footbal sil,Ucamp,t
2041,piscines gonflables hih,nike,t
2042,Gants de baseball ipd,veloall,t
2043,masque pour la piscine ead,swim+,t
2044,palmes de natation gki,swim+,f
2045,palmes de natation gpt,Ucamp,t
2046,Balle de baseball rhm,climbB,t
2047,Balles de tennis vxm,climbB,t
2048,SACOCHE GUIDON VELO  gln,boxing,t
2049,Balle de footbal fyy,Ucamp,t
2050,MASQUE DE SKI kyb,Joy,t
2051,Ballons de handball pxj,nike,t
2052,sac a eau mts,addidas,f
2053,trottinette XBS nwo,climbB,t
2054,casque qcq,nike,t
2055,SAC DE FRAPPE  hme,UnderArmor,f
2056,palmes de natation ypf,Joy,t
2057,trottinette XBS anj,boxing,t
2058,palmes de natation olf,UnderArmor,t
2059,SACOCHE GUIDON VELO  cqk,veloall,t
2060,trottinette XBS bsi,addidas,t
2061,SKI DE PISTE ogr,Joy,t
2062,lunettes de natation cwp,veloall,t
2063,trottinette XBS ewv,climbB,t
2064,lunettes de natation hik,UnderArmor,t
2065,BATONS DE SKI  wxc,nike,t
2066,SKI DE PISTE wso,nike,t
2067,CANNE PECHE  qag,veloall,t
2068,SACOCHE GUIDON VELO  kya,Joy,f
2069,Balle de footbal xll,tennisopia,f
2070,masque pour la piscine xvo,swim+,t
2071,MASQUE DE SKI xyu,addidas,t
2072,Balle de footbal hoe,climbB,t
2073,Gants de baseball aku,swim+,t
2074,PINCE NEZ DE NATATION wec,sporty,t
2075,lunette vtt hzf,boxing,f
2076,chronometre vyf,UnderArmor,t
2077,Balles de tennis wbn,nike,f
2078,trottinette XBZ wlv,sportVet,t
2079,gants box ulb,sporty,t
2080,SACOCHE GUIDON VELO  lgy,sportVet,t
2081,CANNE PECHE  jem,veloall,t
2082,CASQUE DE SKI  emn,Joy,t
2083,BOUCHONS D OREILLES ala,sporty,t
2084,BATONS DE SKI  kem,addidas,t
2085,Casques de trottinette nex,Joy,t
2086,trottinette XBZ crz,veloall,t
2087,Genouilleres vtt jxz,veloall,t
2088,Gants de baseball zkj,swim+,t
2089,resines de handball kue,sporty,t
2090,palmes de natation cpg,nike,f
2091,SAC DE FRAPPE  ecf,Ucamp,t
2092,Gants de baseball djy,addidas,t
2093,SACOCHE GUIDON VELO  smk,UnderArmor,t
2094,Genouilleres vtt syv,swim+,t
2095,Balles de tennis rxk,veloall,t
2096,chronometre pcx,sporty,t
2097,Balle de footbal lpk,sportVet,t
2098,PINCE NEZ DE NATATION wtk,addidas,t
2099,trottinette XBZ itr,addidas,t
2100,SAC DE FRAPPE  sfz,sporty,t
2101,sac a eau rah,sportVet,t
2102,BATONS DE SKI  zck,nike,t
2103,Gants de baseball mbw,climbB,t
2104,Casques de trottinette vkh,UnderArmor,t
2105,Gants de baseball bsv,sporty,f
2106,gants box bfk,swim+,t
2107,masque pour la piscine ggk,Joy,t
2108,POMPE MANOMETRE jpy,Ucamp,t
2109,SAC DE FRAPPE  tsv,addidas,f
2110,lunettes de natation vyb,sporty,f
2111,Balles de tennis nsc,sportVet,t
2112,Gants de baseball bkw,boxing,t
2113,Casques de trottinette yxj,sporty,f
2114,masque pour la piscine sxy,Joy,t
2115,PINCE NEZ DE NATATION lfe,boxing,t
2116,Ballons de handball csw,climbB,t
2117,lunette vtt jqk,boxing,t
2118,gants box oez,nike,t
2119,CASQUE DE SKI  etx,nike,f
2120,Gants de baseball xcs,tennisopia,t
2121,lunette vtt zep,addidas,t
2122,lunettes de natation tmc,addidas,f
2123,trottinette XBZ zyd,veloall,t
2124,Genouilleres vtt rej,boxing,t
2125,masque pour la piscine mgo,sportVet,t
2126,masque pour la piscine zlj,sportVet,t
2127,Balle de baseball ggl,climbB,f
2128,Gants de baseball zzh,nike,t
2129,BOUCHONS D OREILLES wdh,veloall,t
2130,masque pour la piscine jwh,UnderArmor,t
2131,CANNE PECHE  pvm,nike,t
2132,CANNE PECHE  chw,addidas,f
2133,CHAUSSURES DE GOLF gpb,veloall,t
2134,Gants de baseball how,UnderArmor,t
2135,piscines gonflables hsy,veloall,t
2136,Gants de baseball wki,Ucamp,t
2137,SKI DE PISTE niw,UnderArmor,t
2138,Ballons de handball lwb,sportVet,t
2139,PINCE NEZ DE NATATION lnn,UnderArmor,t
2140,PINCE NEZ DE NATATION dvv,Ucamp,t
2141,resines de handball hsv,tennisopia,t
2142,Gants de baseball xbs,Joy,t
2143,sac a eau tnm,swim+,t
2144,lunettes de natation vtt,Joy,t
2145,trottinette XBZ eet,tennisopia,t
2146,Balles de tennis zcm,sportVet,t
2147,lunette vtt qim,nike,t
2148,resines de handball mme,sportVet,t
2149,SACOCHE GUIDON VELO  vpf,UnderArmor,t
2150,CASQUE DE SKI  kek,veloall,t
2151,trottinette XBZ lju,sporty,t
2152,PINCE NEZ DE NATATION jeu,swim+,t
2153,POMPE MANOMETRE bml,veloall,t
2154,SAC DE FRAPPE  toe,climbB,t
2155,Balle de footbal ulc,boxing,t
2156,Gants de baseball wil,UnderArmor,t
2157,MASQUE DE SKI agy,Joy,t
2158,SACOCHE GUIDON VELO  dby,boxing,t
2159,Casques de trottinette ksj,tennisopia,t
2160,chronometre ytl,Joy,t
2161,BATONS DE SKI  hdq,sporty,t
2162,Gants de baseball kdp,Ucamp,t
2163,Genouilleres vtt xsl,nike,t
2164,lunettes de natation iak,UnderArmor,f
2165,BATONS DE SKI  dhl,climbB,t
2166,BOUCHONS D OREILLES lbj,climbB,t
2167,MASQUE DE SKI tmf,Ucamp,t
2168,casque xge,addidas,t
2169,sac a eau laj,nike,t
2170,SACOCHE GUIDON VELO  dua,Ucamp,f
2171,trottinette XBZ yew,Joy,t
2172,SACOCHE GUIDON VELO  pqa,sportVet,t
2173,SKI DE PISTE kfo,nike,t
2174,lunettes de natation tpt,boxing,t
2175,palmes de natation qvn,addidas,f
2176,Gants de baseball ypr,tennisopia,t
2177,PINCE NEZ DE NATATION aab,sportVet,t
2178,MASQUE DE SKI qnl,boxing,t
2179,POMPE MANOMETRE spu,swim+,t
2180,BATONS DE SKI  bia,climbB,t
2181,PINCE NEZ DE NATATION zzh,veloall,t
2182,masque pour la piscine hey,addidas,t
2183,Casques de trottinette nqf,sportVet,t
2184,chronometre cpz,sporty,t
2185,chronometre hco,veloall,t
2186,SACOCHE GUIDON VELO  qgn,addidas,t
2187,trottinette XBS vyw,Ucamp,f
2188,chaussures velo dql,boxing,t
2189,SAC DE FRAPPE  aml,sportVet,t
2190,piscines gonflables rha,addidas,t
2191,gants box tiw,tennisopia,t
2192,resines de handball skw,nike,t
2193,sac a eau plp,tennisopia,t
2194,Balle de footbal lnn,Ucamp,t
2195,SACOCHE GUIDON VELO  sje,UnderArmor,t
2196,CASQUE DE SKI  jgm,nike,t
2197,CHAUSSURES DE GOLF suj,sportVet,t
2198,POMPE MANOMETRE quj,Joy,t
2199,CANNE PECHE  yzl,addidas,f
